-- phpMyAdmin SQL Dump
-- version 5.1.0
-- https://www.phpmyadmin.net/
--
-- Host: localhost:8889
-- Generation Time: Aug 22, 2025 at 08:09 AM
-- Server version: 5.7.34
-- PHP Version: 7.4.21

SET SQL_MODE = "NO_AUTO_VALUE_ON_ZERO";
START TRANSACTION;
SET time_zone = "+00:00";


/*!40101 SET @OLD_CHARACTER_SET_CLIENT=@@CHARACTER_SET_CLIENT */;
/*!40101 SET @OLD_CHARACTER_SET_RESULTS=@@CHARACTER_SET_RESULTS */;
/*!40101 SET @OLD_COLLATION_CONNECTION=@@COLLATION_CONNECTION */;
/*!40101 SET NAMES utf8mb4 */;

--
-- Database: `banking_system`
--
CREATE DATABASE IF NOT EXISTS `banking_system` DEFAULT CHARACTER SET utf8 COLLATE utf8_general_ci;
USE `banking_system`;

-- --------------------------------------------------------

--
-- Table structure for table `accounts`
--

CREATE TABLE `accounts` (
  `account_id` int(11) NOT NULL,
  `customer_id` int(11) NOT NULL,
  `account_number` varchar(20) NOT NULL,
  `balance` decimal(15,2) DEFAULT '0.00',
  `created_at` timestamp NULL DEFAULT CURRENT_TIMESTAMP
) ENGINE=InnoDB DEFAULT CHARSET=utf8;

--
-- Dumping data for table `accounts`
--

INSERT INTO `accounts` (`account_id`, `customer_id`, `account_number`, `balance`, `created_at`) VALUES
(1, 1, '6561977465', '45094.50', '2025-08-14 04:23:49'),
(2, 2, '1136454171', '76710.62', '2025-08-14 04:23:49'),
(3, 2, '1198706115', '63221.85', '2025-08-14 04:23:49'),
(4, 2, '7668598798', '8921.56', '2025-08-14 04:23:49'),
(5, 3, '7420772859', '12812.35', '2025-08-14 04:23:49'),
(6, 4, '8349620202', '85517.36', '2025-08-14 04:23:49'),
(7, 5, '3799112377', '11309.33', '2025-08-14 04:23:49'),
(8, 5, '1124571531', '2322.66', '2025-08-14 04:23:49'),
(9, 5, '5709651893', '42157.63', '2025-08-14 04:23:49'),
(10, 6, '8710799297', '9371.17', '2025-08-14 04:23:49'),
(11, 6, '7713861205', '35042.46', '2025-08-14 04:23:49'),
(12, 6, '3900745416', '55882.44', '2025-08-14 04:23:49'),
(13, 7, '8932929698', '0.00', '2025-08-14 04:23:49'),
(14, 7, '8222096827', '0.00', '2025-08-14 04:23:49'),
(15, 7, '5872224233', '0.00', '2025-08-14 04:23:49'),
(16, 8, '2511337460', '5585.98', '2025-08-14 04:23:49'),
(17, 8, '5195664070', '329.71', '2025-08-14 04:23:49'),
(18, 9, '8846684296', '70357.38', '2025-08-14 04:23:49'),
(19, 10, '9103050539', '25377.61', '2025-08-14 04:23:49'),
(20, 11, '5139607163', '24200.76', '2025-08-14 04:23:49'),
(21, 11, '2451917382', '28871.93', '2025-08-14 04:23:49'),
(22, 11, '8930042023', '12154.96', '2025-08-14 04:23:49'),
(23, 12, '6722856400', '25075.48', '2025-08-14 04:23:49'),
(24, 12, '6407156905', '95813.45', '2025-08-14 04:23:49'),
(25, 12, '7699008902', '285868.83', '2025-08-14 04:23:49'),
(26, 13, '8470837741', '80139.22', '2025-08-14 04:23:49'),
(27, 13, '1007134256', '31969.03', '2025-08-14 04:23:49'),
(28, 14, '7901022528', '4488.73', '2025-08-14 04:23:49'),
(29, 14, '8626281720', '69657.00', '2025-08-14 04:23:49'),
(30, 15, '8319885765', '74573.04', '2025-08-14 04:23:49'),
(31, 15, '4979288183', '27506.70', '2025-08-14 04:23:49'),
(32, 16, '5500806065', '11254.27', '2025-08-14 04:23:49'),
(33, 16, '2180252986', '96438.73', '2025-08-14 04:23:49'),
(34, 17, '8735148218', '49316.50', '2025-08-14 04:23:49'),
(35, 18, '3837250559', '84615.89', '2025-08-14 04:23:49'),
(36, 19, '2902275597', '43213.39', '2025-08-14 04:23:49'),
(37, 19, '1942473087', '86593.51', '2025-08-14 04:23:49'),
(38, 19, '1693506724', '8039.56', '2025-08-14 04:23:49'),
(39, 20, '5167371995', '77254.44', '2025-08-14 04:23:49'),
(40, 21, '1962693768', '57502.05', '2025-08-14 04:23:49'),
(41, 22, '4512440028', '56387.06', '2025-08-14 04:23:49'),
(42, 22, '2223412303', '6780.94', '2025-08-14 04:23:49'),
(43, 22, '6762456115', '42047.94', '2025-08-14 04:23:49'),
(44, 23, '3172743369', '63708.91', '2025-08-14 04:23:49'),
(45, 23, '1720455288', '76175.50', '2025-08-14 04:23:49'),
(46, 23, '8205290058', '56610.38', '2025-08-14 04:23:49'),
(47, 24, '1326699110', '18262.11', '2025-08-14 04:23:49'),
(48, 24, '2180443654', '93995.31', '2025-08-14 04:23:49'),
(49, 24, '9420981161', '83930.86', '2025-08-14 04:23:49'),
(50, 25, '3059819734', '67769.70', '2025-08-14 04:23:49'),
(51, 25, '7252541604', '57460.41', '2025-08-14 04:23:49');

-- --------------------------------------------------------

--
-- Table structure for table `customers`
--

CREATE TABLE `customers` (
  `customer_id` int(11) NOT NULL,
  `name` varchar(100) NOT NULL,
  `email` varchar(100) NOT NULL,
  `phone` varchar(15) DEFAULT NULL,
  `created_at` timestamp NULL DEFAULT CURRENT_TIMESTAMP
) ENGINE=InnoDB DEFAULT CHARSET=utf8;

--
-- Dumping data for table `customers`
--

INSERT INTO `customers` (`customer_id`, `name`, `email`, `phone`, `created_at`) VALUES
(1, 'Maureen Norris', 'melissamatthews@example.org', '8420574634', '2025-08-14 04:23:49'),
(2, 'Robert Zimmerman', 'shanechristian@example.org', '2176468747', '2025-08-14 04:23:49'),
(3, 'Daniel Elliott', 'barbaralittle@example.net', '9075526603', '2025-08-14 04:23:49'),
(4, 'Dylan Lee', 'chad17@example.org', '2597804081', '2025-08-14 04:23:49'),
(5, 'Brittany Johnson', 'johnrivas@example.net', '4529677207', '2025-08-14 04:23:49'),
(6, 'Mr. Alex Green', 'johnsonroger@example.net', '0993230944', '2025-08-14 04:23:49'),
(7, 'Jane Vaughan', 'williambarrera@example.net', '9205953871', '2025-08-14 04:23:49'),
(8, 'Nathan Roberson', 'courtneymartin@example.net', '1485656836', '2025-08-14 04:23:49'),
(9, 'David Anderson', 'bestjacqueline@example.com', '8572337219', '2025-08-14 04:23:49'),
(10, 'Bobby Matthews', 'cannontonya@example.net', '8436014295', '2025-08-14 04:23:49'),
(11, 'Michelle Stewart', 'kyle76@example.com', '5358750897', '2025-08-14 04:23:49'),
(12, 'Lori Ibarra', 'bhanna@example.com', '4134558621', '2025-08-14 04:23:49'),
(13, 'Wendy Chung', 'margaret28@example.org', '4977728910', '2025-08-14 04:23:49'),
(14, 'Travis Allen', 'samuel16@example.org', '7091863127', '2025-08-14 04:23:49'),
(15, 'Donald Davis', 'justinross@example.org', '1139773592', '2025-08-14 04:23:49'),
(16, 'Bonnie Chandler', 'kaiserjason@example.com', '9228047310', '2025-08-14 04:23:49'),
(17, 'Michael Foster', 'msullivan@example.net', '0420104553', '2025-08-14 04:23:49'),
(18, 'Jay Snyder', 'joan54@example.net', '5638611562', '2025-08-14 04:23:49'),
(19, 'Thomas Hines', 'amanda66@example.net', '9729976988', '2025-08-14 04:23:49'),
(20, 'Philip Eaton', 'andrew36@example.net', '5319808991', '2025-08-14 04:23:49'),
(21, 'Jessica Fleming', 'jasonsmith@example.org', '1793608361', '2025-08-14 04:23:49'),
(22, 'Alyssa Harris', 'dianacopeland@example.org', '9605444631', '2025-08-14 04:23:49'),
(23, 'Ann White', 'kimberlycarter@example.org', '8919445219', '2025-08-14 04:23:49'),
(24, 'Robert Griffith', 'sarahboyle@example.org', '9806784610', '2025-08-14 04:23:49'),
(25, 'Jerry Crawford', 'nortondenise@example.com', '7780898131', '2025-08-14 04:23:49');

-- --------------------------------------------------------

--
-- Table structure for table `transactions`
--

CREATE TABLE `transactions` (
  `transaction_id` int(11) NOT NULL,
  `account_id` int(11) NOT NULL,
  `transaction_type` enum('credit','debit') NOT NULL,
  `amount` decimal(15,2) NOT NULL,
  `description` varchar(255) DEFAULT NULL,
  `created_at` timestamp NULL DEFAULT CURRENT_TIMESTAMP
) ENGINE=InnoDB DEFAULT CHARSET=utf8;

--
-- Dumping data for table `transactions`
--

INSERT INTO `transactions` (`transaction_id`, `account_id`, `transaction_type`, `amount`, `description`, `created_at`) VALUES
(1, 48, 'debit', '646.05', 'Random Fund Transfer', '2025-08-14 04:23:49'),
(2, 19, 'credit', '646.05', 'Random Fund Transfer', '2025-08-14 04:23:49'),
(3, 11, 'debit', '4474.01', 'Write two.', '2025-08-14 04:23:49'),
(4, 10, 'debit', '2791.91', 'Large project myself.', '2025-08-14 04:23:49'),
(5, 16, 'credit', '2606.98', 'Where strategy meet.', '2025-08-14 04:23:49'),
(6, 35, 'debit', '2898.31', 'Some adult computer.', '2025-08-14 04:23:49'),
(7, 2, 'debit', '1033.03', 'Beautiful everyone event network different.', '2025-08-14 04:23:49'),
(8, 27, 'debit', '95.05', 'Sport remain.', '2025-08-14 04:23:49'),
(9, 26, 'debit', '2623.94', 'Leg hundred.', '2025-08-14 04:23:49'),
(10, 34, 'credit', '1437.13', 'Add table itself.', '2025-08-14 04:23:49'),
(11, 47, 'debit', '987.90', 'Member describe use.', '2025-08-14 04:23:49'),
(12, 17, 'debit', '3123.95', 'Reason offer cell how.', '2025-08-14 04:23:49'),
(13, 38, 'debit', '42.74', 'Grow sort.', '2025-08-14 04:23:49'),
(14, 12, 'debit', '3101.80', 'Themselves player before.', '2025-08-14 04:23:49'),
(15, 15, 'debit', '1643.82', 'Random Fund Transfer', '2025-08-14 04:23:49'),
(16, 19, 'credit', '1643.82', 'Random Fund Transfer', '2025-08-14 04:23:49'),
(17, 13, 'debit', '4289.47', 'Fall worker.', '2025-08-14 04:23:49'),
(18, 31, 'credit', '2310.72', 'Something deep something animal.', '2025-08-14 04:23:49'),
(19, 18, 'debit', '340.43', 'Religious company add machine public.', '2025-08-14 04:23:49'),
(20, 31, 'debit', '2036.29', 'Before answer owner authority.', '2025-08-14 04:23:49'),
(21, 41, 'debit', '3093.82', 'Strong us become.', '2025-08-14 04:23:49'),
(22, 6, 'debit', '930.50', 'Indicate current TV later member.', '2025-08-14 04:23:49'),
(23, 2, 'debit', '3420.66', 'Fire office seem gun.', '2025-08-14 04:23:49'),
(24, 2, 'debit', '268.72', 'Random Fund Transfer', '2025-08-14 04:23:49'),
(25, 25, 'credit', '268.72', 'Random Fund Transfer', '2025-08-14 04:23:49'),
(26, 26, 'debit', '1965.32', 'Random Fund Transfer', '2025-08-14 04:23:49'),
(27, 7, 'credit', '1965.32', 'Random Fund Transfer', '2025-08-14 04:23:49'),
(28, 19, 'debit', '25.61', 'Random Fund Transfer', '2025-08-14 04:23:49'),
(29, 5, 'credit', '25.61', 'Random Fund Transfer', '2025-08-14 04:23:49'),
(30, 5, 'credit', '4099.77', 'Marriage least month.', '2025-08-14 04:23:49'),
(31, 23, 'credit', '2274.12', 'Investment follow bad family leader.', '2025-08-14 04:23:49'),
(32, 50, 'debit', '458.30', 'Random Fund Transfer', '2025-08-14 04:23:49'),
(33, 44, 'credit', '458.30', 'Random Fund Transfer', '2025-08-14 04:23:49'),
(34, 19, 'credit', '1487.87', 'Might glass safe.', '2025-08-14 04:23:49'),
(35, 6, 'debit', '4768.00', 'Develop concern natural you.', '2025-08-14 04:23:49'),
(36, 38, 'credit', '3044.78', 'Talk yes find.', '2025-08-14 04:23:49'),
(37, 17, 'debit', '59.71', 'Off sign people offer first.', '2025-08-14 04:23:49'),
(38, 28, 'debit', '4601.04', 'Red plan tonight including inside.', '2025-08-14 04:23:49'),
(39, 23, 'credit', '4737.67', 'Build public paper parent.', '2025-08-14 04:23:49'),
(40, 24, 'debit', '374.16', 'Random Fund Transfer', '2025-08-14 04:23:49'),
(41, 2, 'credit', '374.16', 'Random Fund Transfer', '2025-08-14 04:23:49'),
(42, 16, 'debit', '4178.93', 'Science deep firm.', '2025-08-14 04:23:49'),
(43, 32, 'credit', '948.50', 'Opportunity against ago.', '2025-08-14 04:23:49'),
(44, 51, 'credit', '4808.91', 'Various say system.', '2025-08-14 04:23:49'),
(45, 41, 'debit', '2487.04', 'Stage bar economy yard.', '2025-08-14 04:23:49'),
(46, 20, 'credit', '4602.65', 'Security treatment compare trial.', '2025-08-14 04:23:49'),
(47, 35, 'credit', '3541.70', 'Say dog party.', '2025-08-14 04:23:49'),
(48, 35, 'debit', '1580.15', 'Discover event else also trade.', '2025-08-14 04:23:49'),
(49, 29, 'credit', '1613.59', 'Soon government night customer produce.', '2025-08-14 04:23:49'),
(50, 12, 'credit', '4704.44', 'Least loss threat.', '2025-08-14 04:23:49'),
(51, 51, 'debit', '194.73', 'Of challenge look live last.', '2025-08-14 04:23:49'),
(52, 19, 'debit', '1485.26', 'Random Fund Transfer', '2025-08-14 04:23:49'),
(53, 34, 'credit', '1485.26', 'Random Fund Transfer', '2025-08-14 04:23:49'),
(54, 18, 'credit', '4067.39', 'Threat politics star.', '2025-08-14 04:23:49'),
(55, 27, 'debit', '1252.12', 'Random Fund Transfer', '2025-08-14 04:23:49'),
(56, 47, 'credit', '1252.12', 'Random Fund Transfer', '2025-08-14 04:23:49'),
(57, 1, 'debit', '3519.28', 'Total statement.', '2025-08-14 04:23:49'),
(58, 39, 'credit', '3710.80', 'Themselves receive.', '2025-08-14 04:23:49'),
(59, 48, 'debit', '3058.92', 'Arrive national.', '2025-08-14 04:23:49'),
(60, 12, 'debit', '4035.79', 'Television father how.', '2025-08-14 04:23:49'),
(61, 5, 'credit', '3345.28', 'Stand fire food.', '2025-08-14 04:23:49'),
(62, 29, 'debit', '2429.27', 'War scientist institution.', '2025-08-14 04:23:49'),
(63, 15, 'credit', '3985.00', 'Democratic whom loss drug.', '2025-08-14 04:23:49'),
(64, 35, 'debit', '4233.77', 'Total per however stock air.', '2025-08-14 04:23:49'),
(65, 17, 'debit', '2847.02', 'Short could so me dog.', '2025-08-14 04:23:49'),
(66, 14, 'debit', '1379.84', 'Economic social.', '2025-08-14 04:23:49'),
(67, 23, 'debit', '2952.21', 'Receive discover raise.', '2025-08-14 04:23:49'),
(68, 33, 'credit', '1119.13', 'Amount wait service movie.', '2025-08-14 04:23:49'),
(69, 12, 'debit', '4649.68', 'Special level daughter security.', '2025-08-14 04:23:49'),
(70, 40, 'debit', '904.86', 'Lawyer late reality late.', '2025-08-14 04:23:49'),
(71, 44, 'credit', '2552.15', 'Board put with discuss full.', '2025-08-14 04:23:49'),
(72, 35, 'credit', '3278.96', 'Range agree officer friend body.', '2025-08-14 04:23:49'),
(73, 49, 'debit', '1353.73', 'Random Fund Transfer', '2025-08-14 04:23:49'),
(74, 47, 'credit', '1353.73', 'Random Fund Transfer', '2025-08-14 04:23:49'),
(75, 46, 'debit', '86.95', 'Random Fund Transfer', '2025-08-14 04:23:49'),
(76, 22, 'credit', '86.95', 'Random Fund Transfer', '2025-08-14 04:23:49'),
(77, 37, 'credit', '4038.24', 'Test able respond protect discussion.', '2025-08-14 04:23:49'),
(78, 20, 'debit', '1740.61', 'Random Fund Transfer', '2025-08-14 04:23:49'),
(79, 40, 'credit', '1740.61', 'Random Fund Transfer', '2025-08-14 04:23:49'),
(80, 38, 'debit', '2236.91', 'Already future begin.', '2025-08-14 04:23:49'),
(81, 2, 'debit', '3430.29', 'Arm answer light.', '2025-08-14 04:23:49'),
(82, 28, 'credit', '4853.12', 'Wear ok between.', '2025-08-14 04:23:49'),
(83, 38, 'debit', '3600.79', 'Foot put.', '2025-08-14 04:23:49'),
(84, 22, 'debit', '4610.34', 'Best offer blood that away.', '2025-08-14 04:23:49'),
(85, 13, 'debit', '3411.29', 'Season follow.', '2025-08-14 04:23:49'),
(86, 45, 'credit', '802.21', 'Explain type value party.', '2025-08-14 04:23:49'),
(87, 46, 'debit', '1322.60', 'Random Fund Transfer', '2025-08-14 04:23:49'),
(88, 13, 'credit', '1322.60', 'Random Fund Transfer', '2025-08-14 04:23:49'),
(89, 7, 'debit', '4494.96', 'Decide find future.', '2025-08-14 04:23:49'),
(90, 16, 'credit', '3753.15', 'Who of.', '2025-08-14 04:23:49'),
(91, 33, 'credit', '1982.26', 'Democrat make growth.', '2025-08-14 04:23:49'),
(92, 31, 'credit', '525.18', 'Parent modern help traditional.', '2025-08-14 04:23:49'),
(93, 48, 'debit', '597.50', 'Random Fund Transfer', '2025-08-14 04:23:49'),
(94, 10, 'credit', '597.50', 'Random Fund Transfer', '2025-08-14 04:23:49'),
(95, 46, 'credit', '1686.33', 'What next per bank.', '2025-08-14 04:23:49'),
(96, 5, 'debit', '1348.20', 'Random Fund Transfer', '2025-08-14 04:23:49'),
(97, 43, 'credit', '1348.20', 'Random Fund Transfer', '2025-08-14 04:23:49'),
(98, 27, 'debit', '1513.39', 'Random Fund Transfer', '2025-08-14 04:23:49'),
(99, 26, 'credit', '1513.39', 'Random Fund Transfer', '2025-08-14 04:23:49'),
(100, 27, 'credit', '1833.62', 'Firm hundred them.', '2025-08-14 04:23:49'),
(101, 18, 'debit', '3900.80', 'Congress truth arm actually term.', '2025-08-14 04:23:49'),
(102, 39, 'credit', '3052.92', 'Report north themselves.', '2025-08-14 04:23:49'),
(103, 22, 'debit', '476.33', 'Random Fund Transfer', '2025-08-14 04:23:49'),
(104, 51, 'credit', '476.33', 'Random Fund Transfer', '2025-08-14 04:23:49'),
(105, 4, 'credit', '1144.36', 'Tree also behind.', '2025-08-14 04:23:49'),
(106, 39, 'debit', '1130.69', 'Investment true conference.', '2025-08-14 04:23:49'),
(107, 40, 'credit', '2850.64', 'Ten big however good.', '2025-08-14 04:23:49'),
(108, 2, 'credit', '4065.67', 'It read order step country.', '2025-08-14 04:23:49'),
(109, 51, 'debit', '2261.72', 'Lead body.', '2025-08-14 04:23:49'),
(110, 31, 'debit', '675.17', 'Black address apply color watch.', '2025-08-14 04:23:49'),
(111, 44, 'credit', '3546.26', 'Should media name.', '2025-08-14 04:23:49'),
(112, 49, 'debit', '1272.45', 'Random Fund Transfer', '2025-08-14 04:23:49'),
(113, 46, 'credit', '1272.45', 'Random Fund Transfer', '2025-08-14 04:23:49'),
(114, 19, 'debit', '980.16', 'Random Fund Transfer', '2025-08-14 04:23:49'),
(115, 34, 'credit', '980.16', 'Random Fund Transfer', '2025-08-14 04:23:49'),
(116, 26, 'credit', '1363.93', 'Hospital bed magazine.', '2025-08-14 04:23:49'),
(117, 21, 'credit', '3087.66', 'Window allow.', '2025-08-14 04:23:49'),
(118, 18, 'debit', '957.49', 'Random Fund Transfer', '2025-08-14 04:23:49'),
(119, 41, 'credit', '957.49', 'Random Fund Transfer', '2025-08-14 04:23:49'),
(120, 28, 'debit', '236.92', 'Random Fund Transfer', '2025-08-14 04:23:49'),
(121, 34, 'credit', '236.92', 'Random Fund Transfer', '2025-08-14 04:23:49'),
(122, 4, 'debit', '3521.16', 'Authority safe.', '2025-08-14 04:23:49'),
(123, 34, 'credit', '4206.94', 'Simply film make ok.', '2025-08-14 04:23:49'),
(124, 38, 'credit', '324.47', 'Building possible spend.', '2025-08-14 04:23:49'),
(125, 8, 'credit', '806.74', 'Hit approach.', '2025-08-14 04:23:49'),
(126, 1, 'debit', '1347.66', 'Media building foreign newspaper fact.', '2025-08-14 04:23:49'),
(127, 47, 'debit', '420.99', 'Random Fund Transfer', '2025-08-14 04:23:49'),
(128, 24, 'credit', '420.99', 'Random Fund Transfer', '2025-08-14 04:23:49'),
(129, 2, 'credit', '2994.04', 'Cause great.', '2025-08-14 04:23:49'),
(130, 46, 'debit', '1196.34', 'Character stage coach.', '2025-08-14 04:23:49'),
(131, 35, 'credit', '3344.34', 'Brother while.', '2025-08-14 04:23:49'),
(132, 13, 'credit', '1178.08', 'Pressure leader evidence hospital.', '2025-08-14 04:23:49'),
(133, 38, 'debit', '1750.11', 'Her pattern son do.', '2025-08-14 04:23:49'),
(134, 11, 'debit', '1395.38', 'Random Fund Transfer', '2025-08-14 04:23:49'),
(135, 23, 'credit', '1395.38', 'Random Fund Transfer', '2025-08-14 04:23:49'),
(136, 19, 'debit', '1684.28', 'Difficult or able.', '2025-08-14 04:23:49'),
(137, 6, 'debit', '769.18', 'Random Fund Transfer', '2025-08-14 04:23:49'),
(138, 20, 'credit', '769.18', 'Random Fund Transfer', '2025-08-14 04:23:49'),
(139, 17, 'debit', '1006.05', 'Find future Mr gun.', '2025-08-14 04:23:49'),
(140, 39, 'credit', '4926.44', 'Own state.', '2025-08-14 04:23:49'),
(141, 51, 'debit', '1788.81', 'Random Fund Transfer', '2025-08-14 04:23:49'),
(142, 5, 'credit', '1788.81', 'Random Fund Transfer', '2025-08-14 04:23:49'),
(143, 5, 'debit', '2082.21', 'Majority ahead study.', '2025-08-14 04:23:49'),
(144, 25, 'debit', '1487.01', 'Random Fund Transfer', '2025-08-14 04:23:49'),
(145, 46, 'credit', '1487.01', 'Random Fund Transfer', '2025-08-14 04:23:49'),
(146, 4, 'credit', '1163.07', 'Tend player surface man its.', '2025-08-14 04:23:49'),
(147, 24, 'debit', '2416.64', 'Attack sing heavy drive suggest.', '2025-08-14 04:23:49'),
(148, 36, 'credit', '3474.29', 'Church continue bit word.', '2025-08-14 04:23:49'),
(149, 42, 'credit', '656.19', 'Administration above take whose development.', '2025-08-14 04:23:49'),
(150, 14, 'debit', '3819.87', 'Month recent investment network.', '2025-08-14 04:23:49'),
(151, 9, 'debit', '4443.07', 'Father view fast.', '2025-08-14 04:23:49'),
(152, 33, 'credit', '444.50', 'Reach dark.', '2025-08-14 04:23:49'),
(153, 38, 'credit', '3306.30', 'Kid politics.', '2025-08-14 04:23:49'),
(154, 13, 'debit', '4922.03', 'Claim writer partner reveal job.', '2025-08-14 04:23:49'),
(155, 51, 'debit', '1404.84', 'Random Fund Transfer', '2025-08-14 04:23:49'),
(156, 2, 'credit', '1404.84', 'Random Fund Transfer', '2025-08-14 04:23:49'),
(157, 47, 'credit', '2154.42', 'Protect mouth give recognize.', '2025-08-14 04:23:49'),
(158, 36, 'credit', '4250.34', 'Free page notice true.', '2025-08-14 04:23:49'),
(159, 21, 'debit', '952.73', 'With imagine budget traditional couple.', '2025-08-14 04:23:49'),
(160, 45, 'debit', '568.67', 'Tend program election most name.', '2025-08-14 04:23:49'),
(161, 50, 'debit', '3164.85', 'Clear he thousand visit tonight.', '2025-08-14 04:23:49'),
(162, 9, 'credit', '680.79', 'Authority treatment continue stop.', '2025-08-14 04:23:49'),
(163, 23, 'credit', '4503.78', 'Camera a charge office.', '2025-08-14 04:23:49'),
(164, 35, 'credit', '2876.22', 'Player note suffer read.', '2025-08-14 04:23:49'),
(165, 1, 'credit', '3460.42', 'Nature shoulder us.', '2025-08-14 04:23:49'),
(166, 9, 'debit', '25.60', 'Option doctor start billion society.', '2025-08-14 04:23:49'),
(167, 51, 'debit', '1733.59', 'Random Fund Transfer', '2025-08-14 04:23:49'),
(168, 39, 'credit', '1733.59', 'Random Fund Transfer', '2025-08-14 04:23:49'),
(169, 34, 'credit', '3839.53', 'Some very reason.', '2025-08-14 04:23:50'),
(170, 4, 'debit', '3288.59', 'Mission sister admit.', '2025-08-14 04:23:50'),
(171, 38, 'credit', '3787.06', 'Since throw gas no imagine.', '2025-08-14 04:23:50'),
(172, 32, 'debit', '1039.98', 'Random Fund Transfer', '2025-08-14 04:23:50'),
(173, 47, 'credit', '1039.98', 'Random Fund Transfer', '2025-08-14 04:23:50'),
(174, 3, 'debit', '13.82', 'Random Fund Transfer', '2025-08-14 04:23:50'),
(175, 33, 'credit', '13.82', 'Random Fund Transfer', '2025-08-14 04:23:50'),
(176, 29, 'debit', '4278.30', 'Appear with attack physical.', '2025-08-14 04:23:50'),
(177, 28, 'credit', '3607.41', 'Mr available how would.', '2025-08-14 04:23:50'),
(178, 34, 'debit', '1078.01', 'Random Fund Transfer', '2025-08-14 04:23:50'),
(179, 43, 'credit', '1078.01', 'Random Fund Transfer', '2025-08-14 04:23:50'),
(180, 48, 'credit', '1808.88', 'Face necessary center traditional.', '2025-08-14 04:23:50'),
(181, 36, 'debit', '1525.23', 'Random Fund Transfer', '2025-08-14 04:23:50'),
(182, 3, 'credit', '1525.23', 'Random Fund Transfer', '2025-08-14 04:23:50'),
(183, 41, 'credit', '3075.36', 'Move hair pick medical exist.', '2025-08-14 04:23:50'),
(184, 39, 'credit', '3758.89', 'Wrong history tonight.', '2025-08-14 04:23:50'),
(185, 4, 'debit', '202.20', 'Random Fund Transfer', '2025-08-14 04:23:50'),
(186, 29, 'credit', '202.20', 'Random Fund Transfer', '2025-08-14 04:23:50'),
(187, 39, 'credit', '4666.62', 'Act decade many movement.', '2025-08-14 04:23:50'),
(188, 18, 'debit', '1379.27', 'Random Fund Transfer', '2025-08-14 04:23:50'),
(189, 13, 'credit', '1379.27', 'Random Fund Transfer', '2025-08-14 04:23:50'),
(190, 11, 'debit', '639.85', 'Edge clearly about decision.', '2025-08-14 04:23:50'),
(191, 21, 'credit', '4389.54', 'Defense upon positive include.', '2025-08-14 04:23:50'),
(192, 4, 'credit', '334.25', 'Area candidate agree sister.', '2025-08-14 04:23:50'),
(193, 42, 'credit', '2513.29', 'Character appear eye.', '2025-08-14 04:23:50'),
(194, 38, 'credit', '3822.50', 'Best economy out according.', '2025-08-14 04:23:50'),
(195, 28, 'debit', '3436.30', 'Learn property effort leave.', '2025-08-14 04:23:50'),
(196, 41, 'debit', '2373.86', 'Begin always heart.', '2025-08-14 04:23:50'),
(197, 7, 'credit', '541.56', 'Similar avoid station most.', '2025-08-14 04:23:50'),
(198, 24, 'debit', '1643.04', 'More kind father throw soldier.', '2025-08-14 04:23:50'),
(199, 17, 'credit', '1528.04', 'Fact defense.', '2025-08-14 04:23:50'),
(200, 13, 'credit', '2022.03', 'Shake rest art authority.', '2025-08-14 04:23:50'),
(201, 8, 'credit', '489.95', 'Should before see.', '2025-08-14 04:23:50'),
(202, 29, 'credit', '3971.08', 'Perhaps since.', '2025-08-14 04:23:50'),
(203, 38, 'debit', '2278.99', 'Bring upon against.', '2025-08-14 04:23:50'),
(204, 22, 'debit', '1502.07', 'Star stage to.', '2025-08-14 04:23:50'),
(205, 9, 'debit', '4633.75', 'Industry field.', '2025-08-14 04:23:50'),
(206, 51, 'debit', '1539.08', 'Random Fund Transfer', '2025-08-14 04:23:50'),
(207, 36, 'credit', '1539.08', 'Random Fund Transfer', '2025-08-14 04:23:50'),
(208, 2, 'credit', '1878.94', 'Question director thank.', '2025-08-14 04:23:50'),
(209, 6, 'debit', '725.31', 'Random Fund Transfer', '2025-08-14 04:23:50'),
(210, 45, 'credit', '725.31', 'Random Fund Transfer', '2025-08-14 04:23:50'),
(211, 44, 'credit', '3013.03', 'Safe end good claim.', '2025-08-14 04:23:50'),
(212, 48, 'debit', '2498.58', 'Difficult heart.', '2025-08-14 04:23:50'),
(213, 14, 'credit', '678.21', 'Message where campaign writer.', '2025-08-14 04:23:50'),
(214, 2, 'debit', '521.70', 'Random Fund Transfer', '2025-08-14 04:23:50'),
(215, 15, 'credit', '521.70', 'Random Fund Transfer', '2025-08-14 04:23:50'),
(216, 32, 'debit', '51.83', 'Random Fund Transfer', '2025-08-14 04:23:50'),
(217, 42, 'credit', '51.83', 'Random Fund Transfer', '2025-08-14 04:23:50'),
(218, 24, 'credit', '2774.28', 'Sea other special.', '2025-08-14 04:23:50'),
(219, 30, 'debit', '1133.92', 'Random Fund Transfer', '2025-08-14 04:23:50'),
(220, 42, 'credit', '1133.92', 'Random Fund Transfer', '2025-08-14 04:23:50'),
(221, 22, 'debit', '85.50', 'Random Fund Transfer', '2025-08-14 04:23:50'),
(222, 6, 'credit', '85.50', 'Random Fund Transfer', '2025-08-14 04:23:50'),
(223, 44, 'debit', '4765.09', 'Evidence individual surface program may.', '2025-08-14 04:23:50'),
(224, 2, 'debit', '2114.56', 'Discuss rest news individual likely.', '2025-08-14 04:23:50'),
(225, 40, 'debit', '4759.19', 'Story tax.', '2025-08-14 04:23:50'),
(226, 39, 'debit', '4475.07', 'Nature fact fish newspaper talk.', '2025-08-14 04:23:50'),
(227, 49, 'debit', '3753.16', 'Reason key.', '2025-08-14 04:23:50'),
(228, 3, 'debit', '3632.65', 'His hair leg market.', '2025-08-14 04:23:50'),
(229, 4, 'debit', '1540.45', 'City shoulder.', '2025-08-14 04:23:50'),
(230, 10, 'debit', '4055.56', 'Be everyone.', '2025-08-14 04:23:50'),
(231, 31, 'credit', '1641.57', 'Good kitchen force.', '2025-08-14 04:23:50'),
(232, 16, 'credit', '160.37', 'Hotel school Mrs ask coach.', '2025-08-14 04:23:50'),
(233, 39, 'debit', '2916.83', 'Maintain model minute example.', '2025-08-14 04:23:50'),
(234, 30, 'credit', '1288.29', 'Rule design.', '2025-08-14 04:23:50'),
(235, 21, 'debit', '3961.80', 'Foot must group.', '2025-08-14 04:23:50'),
(236, 28, 'debit', '299.48', 'Random Fund Transfer', '2025-08-14 04:23:50'),
(237, 24, 'credit', '299.48', 'Random Fund Transfer', '2025-08-14 04:23:50'),
(238, 44, 'debit', '4892.48', 'Concern career national once boy.', '2025-08-14 04:23:50'),
(239, 30, 'debit', '100.87', 'Random Fund Transfer', '2025-08-14 04:23:50'),
(240, 49, 'credit', '100.87', 'Random Fund Transfer', '2025-08-14 04:23:50'),
(241, 33, 'credit', '4856.63', 'Feeling moment threat capital.', '2025-08-14 04:23:50'),
(242, 9, 'credit', '4351.33', 'East give ask agree.', '2025-08-14 04:23:50'),
(243, 44, 'debit', '680.66', 'Country effort language.', '2025-08-14 04:23:50'),
(244, 32, 'debit', '1297.60', 'Random Fund Transfer', '2025-08-14 04:23:50'),
(245, 26, 'credit', '1297.60', 'Random Fund Transfer', '2025-08-14 04:23:50'),
(246, 32, 'credit', '1698.19', 'Performance country work.', '2025-08-14 04:23:50'),
(247, 23, 'debit', '278.64', 'Random Fund Transfer', '2025-08-14 04:23:50'),
(248, 5, 'credit', '278.64', 'Random Fund Transfer', '2025-08-14 04:23:50'),
(249, 8, 'debit', '1712.19', 'Some woman project.', '2025-08-14 04:23:50'),
(250, 12, 'credit', '2038.64', 'End describe behind always.', '2025-08-14 04:23:50'),
(251, 46, 'credit', '4215.29', 'Against good.', '2025-08-14 04:23:50'),
(252, 28, 'debit', '231.60', 'Random Fund Transfer', '2025-08-14 04:23:50'),
(253, 4, 'credit', '231.60', 'Random Fund Transfer', '2025-08-14 04:23:50'),
(254, 34, 'credit', '3364.52', 'Include plan last stay west.', '2025-08-14 04:23:50'),
(255, 27, 'debit', '4907.20', 'Begin eye fly.', '2025-08-14 04:23:50'),
(256, 13, 'credit', '1762.96', 'Report interesting head choose.', '2025-08-14 04:23:50'),
(257, 11, 'debit', '1735.47', 'Always join.', '2025-08-14 04:23:50'),
(258, 23, 'debit', '160.46', 'Be find citizen.', '2025-08-14 04:23:50'),
(259, 21, 'debit', '723.59', 'Random Fund Transfer', '2025-08-14 04:23:50'),
(260, 44, 'credit', '723.59', 'Random Fund Transfer', '2025-08-14 04:23:50'),
(261, 17, 'debit', '2773.92', 'News of lot.', '2025-08-14 04:23:50'),
(262, 34, 'credit', '2098.03', 'Create very.', '2025-08-14 04:23:50'),
(263, 3, 'debit', '956.40', 'Random Fund Transfer', '2025-08-14 04:23:50'),
(264, 6, 'credit', '956.40', 'Random Fund Transfer', '2025-08-14 04:23:50'),
(265, 21, 'debit', '82.89', 'Travel able.', '2025-08-14 04:23:50'),
(266, 5, 'debit', '4052.58', 'Consider believe hundred.', '2025-08-14 04:23:50'),
(267, 38, 'debit', '4435.72', 'Friend treat image right star.', '2025-08-14 04:23:50'),
(268, 40, 'debit', '93.68', 'Random Fund Transfer', '2025-08-14 04:23:50'),
(269, 50, 'credit', '93.68', 'Random Fund Transfer', '2025-08-14 04:23:50'),
(270, 21, 'credit', '2210.11', 'Seek sign customer about.', '2025-08-14 04:23:50'),
(271, 5, 'debit', '744.13', 'Individual buy.', '2025-08-14 04:23:50'),
(272, 39, 'credit', '1939.29', 'Along view important.', '2025-08-14 04:23:50'),
(273, 31, 'debit', '438.09', 'Random Fund Transfer', '2025-08-14 04:23:50'),
(274, 36, 'credit', '438.09', 'Random Fund Transfer', '2025-08-14 04:23:50'),
(275, 40, 'credit', '1854.96', 'Treat political left plan another.', '2025-08-14 04:23:50'),
(276, 4, 'credit', '2188.00', 'Skin others always lay.', '2025-08-14 04:23:50'),
(277, 39, 'debit', '1507.71', 'Random Fund Transfer', '2025-08-14 04:23:50'),
(278, 48, 'credit', '1507.71', 'Random Fund Transfer', '2025-08-14 04:23:50'),
(279, 2, 'credit', '2272.65', 'Process relate figure finally.', '2025-08-14 04:23:50'),
(280, 17, 'credit', '1869.68', 'Early seek manage.', '2025-08-14 04:23:50'),
(281, 11, 'debit', '614.11', 'Couple interesting hard consumer.', '2025-08-14 04:23:50'),
(282, 36, 'credit', '2370.52', 'Tough despite institution.', '2025-08-14 04:23:50'),
(283, 38, 'debit', '1248.27', 'Create believe enjoy answer more.', '2025-08-14 04:23:50'),
(284, 31, 'debit', '1915.88', 'Guy need account fly.', '2025-08-14 04:23:50'),
(285, 8, 'debit', '4080.58', 'Per gun certainly purpose.', '2025-08-14 04:23:50'),
(286, 41, 'credit', '2850.69', 'Skill every.', '2025-08-14 04:23:50'),
(287, 44, 'credit', '4102.90', 'Property successful happy learn.', '2025-08-14 04:23:50'),
(288, 46, 'credit', '4025.77', 'Prevent particular.', '2025-08-14 04:23:50'),
(289, 24, 'credit', '3606.56', 'Maybe image authority.', '2025-08-14 04:23:50'),
(290, 46, 'debit', '2141.20', 'Whole then rule quite.', '2025-08-14 04:23:50'),
(291, 32, 'credit', '4626.76', 'Even face care civil property.', '2025-08-14 04:23:50'),
(292, 7, 'debit', '4433.84', 'Behavior prevent everyone even return.', '2025-08-14 04:23:50'),
(293, 29, 'credit', '4953.97', 'Exist dark magazine front.', '2025-08-14 04:23:50'),
(294, 21, 'debit', '1346.27', 'Random Fund Transfer', '2025-08-14 04:23:50'),
(295, 43, 'credit', '1346.27', 'Random Fund Transfer', '2025-08-14 04:23:50'),
(296, 8, 'credit', '3949.01', 'Realize market human.', '2025-08-14 04:23:50'),
(297, 3, 'credit', '801.33', 'Especially game price paper.', '2025-08-14 04:23:50'),
(298, 24, 'debit', '1685.94', 'Similar run.', '2025-08-14 04:23:50'),
(299, 24, 'credit', '4915.76', 'Job range federal stuff.', '2025-08-14 04:23:50'),
(300, 10, 'debit', '3080.43', 'Hour how former.', '2025-08-14 04:23:50'),
(301, 10, 'debit', '1687.27', 'Random Fund Transfer', '2025-08-14 04:23:50'),
(302, 30, 'credit', '1687.27', 'Random Fund Transfer', '2025-08-14 04:23:50'),
(303, 25, 'credit', '3506.80', 'Significant machine agency truth.', '2025-08-14 04:23:50'),
(304, 44, 'debit', '3267.36', 'Oil discover theory civil.', '2025-08-14 04:23:50'),
(305, 43, 'debit', '3794.97', 'Sit Democrat during whatever.', '2025-08-14 04:23:50'),
(306, 49, 'credit', '3448.87', 'Third both memory field.', '2025-08-14 04:23:50'),
(307, 14, 'credit', '1923.57', 'Always tough wonder process.', '2025-08-14 04:23:50'),
(308, 27, 'debit', '425.96', 'Develop notice base letter.', '2025-08-14 04:23:50'),
(309, 36, 'credit', '766.39', 'Different left officer.', '2025-08-14 04:23:50'),
(310, 34, 'debit', '57.11', 'Random Fund Transfer', '2025-08-14 04:23:50'),
(311, 19, 'credit', '57.11', 'Random Fund Transfer', '2025-08-14 04:23:50'),
(312, 7, 'credit', '1153.29', 'Offer too.', '2025-08-14 04:23:50'),
(313, 24, 'debit', '718.71', 'Random Fund Transfer', '2025-08-14 04:23:50'),
(314, 32, 'credit', '718.71', 'Random Fund Transfer', '2025-08-14 04:23:50'),
(315, 19, 'debit', '819.14', 'Random Fund Transfer', '2025-08-14 04:23:50'),
(316, 22, 'credit', '819.14', 'Random Fund Transfer', '2025-08-14 04:23:50'),
(317, 7, 'credit', '770.56', 'Until range message add.', '2025-08-14 04:23:50'),
(318, 22, 'debit', '3297.29', 'Here piece order.', '2025-08-14 04:23:50'),
(319, 37, 'debit', '2738.96', 'Program rest enter commercial personal.', '2025-08-14 04:23:50'),
(320, 15, 'credit', '4720.58', 'Dinner up once agreement.', '2025-08-14 04:23:50'),
(321, 41, 'credit', '3192.08', 'Never start boy company huge.', '2025-08-14 04:23:50'),
(322, 20, 'credit', '2663.84', 'Administration put.', '2025-08-14 04:23:50'),
(323, 13, 'credit', '1226.61', 'Something step around start.', '2025-08-14 04:23:50'),
(324, 19, 'debit', '232.87', 'Random Fund Transfer', '2025-08-14 04:23:50'),
(325, 51, 'credit', '232.87', 'Random Fund Transfer', '2025-08-14 04:23:50'),
(326, 25, 'debit', '258.68', 'Random Fund Transfer', '2025-08-14 04:23:50'),
(327, 40, 'credit', '258.68', 'Random Fund Transfer', '2025-08-14 04:23:50'),
(328, 4, 'debit', '2986.76', 'Improve full fast news increase.', '2025-08-14 04:23:50'),
(329, 17, 'credit', '2144.33', 'Move ok first.', '2025-08-14 04:23:50'),
(330, 26, 'credit', '3793.43', 'Affect alone although.', '2025-08-14 04:23:50'),
(331, 6, 'debit', '388.07', 'Random Fund Transfer', '2025-08-14 04:23:50'),
(332, 43, 'credit', '388.07', 'Random Fund Transfer', '2025-08-14 04:23:50'),
(333, 14, 'credit', '3231.71', 'Study physical happen standard hope.', '2025-08-14 04:23:50'),
(334, 25, 'debit', '1332.14', 'See fly buy thing pressure.', '2025-08-14 04:23:50'),
(335, 46, 'debit', '1834.15', 'Random Fund Transfer', '2025-08-14 04:23:50'),
(336, 37, 'credit', '1834.15', 'Random Fund Transfer', '2025-08-14 04:23:50'),
(337, 23, 'debit', '1585.15', 'Usually student a.', '2025-08-14 04:23:50'),
(338, 44, 'credit', '1082.13', 'Little tough grow.', '2025-08-14 04:23:50'),
(339, 42, 'debit', '4335.59', 'Many foot write.', '2025-08-14 04:23:50'),
(340, 17, 'debit', '4096.70', 'Both quickly forget.', '2025-08-14 04:23:50'),
(341, 23, 'debit', '1625.06', 'Random Fund Transfer', '2025-08-14 04:23:50'),
(342, 19, 'credit', '1625.06', 'Random Fund Transfer', '2025-08-14 04:23:50'),
(343, 32, 'credit', '3835.07', 'Information send easy.', '2025-08-14 04:23:50'),
(344, 30, 'debit', '1388.60', 'Democrat quite low a center.', '2025-08-14 04:23:50'),
(345, 21, 'credit', '808.76', 'Cause security.', '2025-08-14 04:23:50'),
(346, 7, 'credit', '3572.18', 'Style people floor dog trial.', '2025-08-14 04:23:50'),
(347, 38, 'debit', '856.56', 'Next food health study space.', '2025-08-14 04:23:50'),
(348, 18, 'credit', '2208.62', 'Democrat learn.', '2025-08-14 04:23:50'),
(349, 29, 'debit', '4794.08', 'Form skin win.', '2025-08-14 04:23:50'),
(350, 44, 'credit', '193.43', 'Consumer car finally better.', '2025-08-14 04:23:50'),
(351, 17, 'debit', '818.03', 'Random Fund Transfer', '2025-08-14 04:23:50'),
(352, 28, 'credit', '818.03', 'Random Fund Transfer', '2025-08-14 04:23:50'),
(353, 35, 'debit', '1540.24', 'Random Fund Transfer', '2025-08-14 04:23:50'),
(354, 7, 'credit', '1540.24', 'Random Fund Transfer', '2025-08-14 04:23:50'),
(355, 50, 'debit', '773.83', 'Random Fund Transfer', '2025-08-14 04:23:50'),
(356, 1, 'credit', '773.83', 'Random Fund Transfer', '2025-08-14 04:23:50'),
(357, 33, 'debit', '883.00', 'Remember attention.', '2025-08-14 04:23:50'),
(358, 18, 'debit', '3645.19', 'Represent society very if.', '2025-08-14 04:23:50'),
(359, 35, 'credit', '4509.36', 'Choose a in health authority.', '2025-08-14 04:23:50'),
(360, 44, 'debit', '4623.21', 'Store throughout determine southern system.', '2025-08-14 04:23:50'),
(361, 2, 'debit', '2233.88', 'Program gas foot hold.', '2025-08-14 04:23:50'),
(362, 46, 'debit', '4063.60', 'Region similar.', '2025-08-14 04:23:50'),
(363, 8, 'credit', '1029.87', 'Go relate yard man put.', '2025-08-14 04:23:50'),
(364, 46, 'credit', '2549.31', 'Left inside want.', '2025-08-14 04:23:50'),
(365, 37, 'debit', '4972.89', 'Girl base ever.', '2025-08-14 04:23:50'),
(366, 3, 'debit', '1951.14', 'Type let foot government recognize.', '2025-08-14 04:23:50'),
(367, 31, 'credit', '1941.78', 'Ten miss budget.', '2025-08-14 04:23:50'),
(368, 22, 'credit', '2530.99', 'Tonight seem pass.', '2025-08-14 04:23:50'),
(369, 40, 'debit', '1652.31', 'Random Fund Transfer', '2025-08-14 04:23:50'),
(370, 1, 'credit', '1652.31', 'Random Fund Transfer', '2025-08-14 04:23:50'),
(371, 28, 'debit', '4786.10', 'Happen authority nor yard.', '2025-08-14 04:23:50'),
(372, 28, 'debit', '1970.15', 'Random Fund Transfer', '2025-08-14 04:23:50'),
(373, 27, 'credit', '1970.15', 'Random Fund Transfer', '2025-08-14 04:23:50'),
(374, 4, 'debit', '3549.82', 'To senior drive.', '2025-08-14 04:23:50'),
(375, 14, 'debit', '3634.37', 'Certain long free especially federal.', '2025-08-14 04:23:50'),
(376, 7, 'credit', '1814.94', 'Hundred beautiful million control bar.', '2025-08-14 04:23:50'),
(377, 33, 'credit', '4714.50', 'During rich fight environment material.', '2025-08-14 04:23:50'),
(378, 44, 'debit', '3579.78', 'Their wrong address.', '2025-08-14 04:23:50'),
(379, 10, 'debit', '1435.51', 'Random Fund Transfer', '2025-08-14 04:23:50'),
(380, 4, 'credit', '1435.51', 'Random Fund Transfer', '2025-08-14 04:23:50'),
(381, 29, 'debit', '3532.55', 'Care organization pay approach guess.', '2025-08-14 04:23:50'),
(382, 51, 'credit', '4058.01', 'Executive economic big require.', '2025-08-14 04:23:50'),
(383, 51, 'credit', '3158.21', 'Remain how none court yet.', '2025-08-14 04:23:50'),
(384, 2, 'credit', '3822.63', 'Data drive realize foot.', '2025-08-14 04:23:50'),
(385, 15, 'credit', '1551.66', 'Pick among activity.', '2025-08-14 04:23:50'),
(386, 10, 'debit', '1225.12', 'Random Fund Transfer', '2025-08-14 04:23:50'),
(387, 24, 'credit', '1225.12', 'Random Fund Transfer', '2025-08-14 04:23:50'),
(388, 11, 'debit', '4324.89', 'Woman find gas.', '2025-08-14 04:23:50'),
(389, 38, 'credit', '499.99', 'As story budget require.', '2025-08-14 04:23:50'),
(390, 32, 'debit', '1837.29', 'Random Fund Transfer', '2025-08-14 04:23:50'),
(391, 40, 'credit', '1837.29', 'Random Fund Transfer', '2025-08-14 04:23:50'),
(392, 32, 'debit', '2341.20', 'Maintain sea contain respond according.', '2025-08-14 04:23:50'),
(393, 7, 'credit', '1593.42', 'Technology sign.', '2025-08-14 04:23:50'),
(394, 51, 'credit', '517.05', 'Go for figure.', '2025-08-14 04:23:50'),
(395, 47, 'credit', '4138.27', 'Interesting dark guy store clearly.', '2025-08-14 04:23:50'),
(396, 28, 'debit', '697.99', 'Benefit determine assume.', '2025-08-14 04:23:50'),
(397, 16, 'credit', '386.89', 'Nice help we such.', '2025-08-14 04:23:50'),
(398, 16, 'debit', '1904.46', 'Random Fund Transfer', '2025-08-14 04:23:50'),
(399, 22, 'credit', '1904.46', 'Random Fund Transfer', '2025-08-14 04:23:50'),
(400, 32, 'credit', '1816.62', 'Black budget power reflect.', '2025-08-14 04:23:50'),
(401, 26, 'credit', '4342.02', 'Here half marriage.', '2025-08-14 04:23:50'),
(402, 3, 'debit', '924.47', 'Cultural bank stop.', '2025-08-14 04:23:50'),
(403, 37, 'debit', '1049.05', 'Listen me close safe.', '2025-08-14 04:23:50'),
(404, 15, 'credit', '3192.47', 'Check Democrat environment none.', '2025-08-14 04:23:50'),
(405, 50, 'credit', '2336.14', 'Place policy best.', '2025-08-14 04:23:50'),
(406, 50, 'credit', '2655.46', 'End hand read.', '2025-08-14 04:23:50'),
(407, 36, 'credit', '2621.53', 'Analysis floor.', '2025-08-14 04:23:50'),
(408, 3, 'credit', '877.38', 'Opportunity analysis kitchen.', '2025-08-14 04:23:50'),
(409, 36, 'credit', '3472.22', 'Across mention.', '2025-08-14 04:23:50'),
(410, 41, 'credit', '2896.18', 'Sometimes team.', '2025-08-14 04:23:50'),
(411, 16, 'debit', '670.27', 'Pm executive.', '2025-08-14 04:23:50'),
(412, 28, 'credit', '1924.03', 'Role and score very always.', '2025-08-14 04:23:50'),
(413, 50, 'credit', '212.79', 'Attorney drug fire letter.', '2025-08-14 04:23:50'),
(414, 15, 'credit', '4374.58', 'Available half media.', '2025-08-14 04:23:50'),
(415, 8, 'debit', '2134.72', 'State sister force.', '2025-08-14 04:23:50'),
(416, 5, 'credit', '1541.56', 'Course cost.', '2025-08-14 04:23:50'),
(417, 37, 'debit', '2491.42', 'Daughter true fill.', '2025-08-14 04:23:50'),
(418, 38, 'debit', '1147.42', 'Random Fund Transfer', '2025-08-14 04:23:50'),
(419, 42, 'credit', '1147.42', 'Random Fund Transfer', '2025-08-14 04:23:50'),
(420, 41, 'credit', '3314.01', 'Manage to standard important.', '2025-08-14 04:23:50'),
(421, 4, 'credit', '3969.08', 'Particularly red focus.', '2025-08-14 04:23:50'),
(422, 16, 'debit', '3906.41', 'About election out become campaign.', '2025-08-14 04:23:50'),
(423, 12, 'debit', '667.79', 'Random Fund Transfer', '2025-08-14 04:23:50'),
(424, 10, 'credit', '667.79', 'Random Fund Transfer', '2025-08-14 04:23:50'),
(425, 11, 'debit', '2090.77', 'Many far church different.', '2025-08-14 04:23:50'),
(426, 43, 'debit', '790.06', 'Random Fund Transfer', '2025-08-14 04:23:50'),
(427, 33, 'credit', '790.06', 'Random Fund Transfer', '2025-08-14 04:23:50'),
(428, 44, 'credit', '2564.67', 'Else point discussion.', '2025-08-14 04:23:50'),
(429, 6, 'credit', '4251.95', 'Three image age during.', '2025-08-14 04:23:50'),
(430, 24, 'credit', '780.90', 'Bar alone hundred even.', '2025-08-14 04:23:50'),
(431, 51, 'debit', '652.47', 'Random Fund Transfer', '2025-08-14 04:23:50'),
(432, 22, 'credit', '652.47', 'Random Fund Transfer', '2025-08-14 04:23:50'),
(433, 48, 'debit', '283.85', 'Random Fund Transfer', '2025-08-14 04:23:50'),
(434, 34, 'credit', '283.85', 'Random Fund Transfer', '2025-08-14 04:23:50'),
(435, 26, 'debit', '1518.46', 'And simple popular.', '2025-08-14 04:23:50'),
(436, 41, 'debit', '3907.72', 'See this base former many.', '2025-08-14 04:23:50'),
(437, 14, 'credit', '1831.42', 'Term business bit model.', '2025-08-14 04:23:50'),
(438, 9, 'debit', '2794.45', 'Often speech remember.', '2025-08-14 04:23:50'),
(439, 44, 'debit', '970.78', 'Random Fund Transfer', '2025-08-14 04:23:50'),
(440, 5, 'credit', '970.78', 'Random Fund Transfer', '2025-08-14 04:23:50'),
(441, 46, 'debit', '3042.25', 'Less five population against.', '2025-08-14 04:23:50'),
(442, 13, 'credit', '1280.81', 'General article.', '2025-08-14 04:23:50'),
(443, 10, 'debit', '812.73', 'Random Fund Transfer', '2025-08-14 04:23:50'),
(444, 42, 'credit', '812.73', 'Random Fund Transfer', '2025-08-14 04:23:50'),
(445, 49, 'debit', '255.62', 'Random Fund Transfer', '2025-08-14 04:23:50'),
(446, 29, 'credit', '255.62', 'Random Fund Transfer', '2025-08-14 04:23:50'),
(447, 13, 'debit', '703.33', 'Accept very foreign.', '2025-08-14 04:23:50'),
(448, 42, 'debit', '4978.06', 'Piece although medical.', '2025-08-14 04:23:50'),
(449, 9, 'debit', '3629.95', 'Than fire own Congress west.', '2025-08-14 04:23:50'),
(450, 48, 'debit', '1253.70', 'Herself child network begin program.', '2025-08-14 04:23:50'),
(451, 42, 'credit', '2258.83', 'Walk instead minute safe.', '2025-08-14 04:23:50'),
(452, 20, 'debit', '822.55', 'Good think out brother.', '2025-08-14 04:23:50'),
(453, 29, 'debit', '3776.46', 'Think each religious radio.', '2025-08-14 04:23:50'),
(454, 43, 'credit', '3464.21', 'Own family public.', '2025-08-14 04:23:50'),
(455, 41, 'debit', '691.21', 'West surface business.', '2025-08-14 04:23:50'),
(456, 8, 'credit', '687.09', 'Process full beat traditional woman.', '2025-08-14 04:23:50'),
(457, 14, 'debit', '1066.11', 'Random Fund Transfer', '2025-08-14 04:23:50'),
(458, 44, 'credit', '1066.11', 'Random Fund Transfer', '2025-08-14 04:23:50'),
(459, 13, 'credit', '3433.67', 'Whether past music.', '2025-08-14 04:23:50'),
(460, 42, 'credit', '600.93', 'Agreement contain rule that law.', '2025-08-14 04:23:50'),
(461, 22, 'debit', '487.00', 'Everyone next.', '2025-08-14 04:23:50'),
(462, 4, 'credit', '2678.99', 'Foot young save seven develop.', '2025-08-14 04:23:50'),
(463, 31, 'credit', '2033.92', 'Girl church deep.', '2025-08-14 04:23:50'),
(464, 35, 'debit', '405.87', 'Four offer building development reality.', '2025-08-14 04:23:50'),
(465, 9, 'credit', '3455.40', 'Beat can recent.', '2025-08-14 04:23:50'),
(466, 28, 'debit', '151.26', 'Door deal this.', '2025-08-14 04:23:50'),
(467, 49, 'debit', '2114.18', 'Decision bar property happen camera.', '2025-08-14 04:23:50'),
(468, 10, 'debit', '1477.92', 'Contain must career.', '2025-08-14 04:23:50'),
(469, 2, 'debit', '2991.66', 'Reduce thus send.', '2025-08-14 04:23:50'),
(470, 16, 'debit', '1426.80', 'Random Fund Transfer', '2025-08-14 04:23:50'),
(471, 1, 'credit', '1426.80', 'Random Fund Transfer', '2025-08-14 04:23:50'),
(472, 8, 'debit', '1917.54', 'Random Fund Transfer', '2025-08-14 04:23:50'),
(473, 3, 'credit', '1917.54', 'Random Fund Transfer', '2025-08-14 04:23:50'),
(474, 5, 'debit', '4993.69', 'Design walk.', '2025-08-14 04:23:50'),
(475, 1, 'credit', '953.06', 'Kind pull relate answer.', '2025-08-14 04:23:50'),
(476, 49, 'credit', '891.66', 'Event at.', '2025-08-14 04:23:50'),
(477, 45, 'debit', '672.48', 'Random Fund Transfer', '2025-08-14 04:23:50'),
(478, 36, 'credit', '672.48', 'Random Fund Transfer', '2025-08-14 04:23:50'),
(479, 46, 'debit', '1008.91', 'Random Fund Transfer', '2025-08-14 04:23:50'),
(480, 4, 'credit', '1008.91', 'Random Fund Transfer', '2025-08-14 04:23:50'),
(481, 33, 'debit', '537.19', 'Random Fund Transfer', '2025-08-14 04:23:50'),
(482, 42, 'credit', '537.19', 'Random Fund Transfer', '2025-08-14 04:23:50'),
(483, 14, 'debit', '889.47', 'Random Fund Transfer', '2025-08-14 04:23:50'),
(484, 39, 'credit', '889.47', 'Random Fund Transfer', '2025-08-14 04:23:50'),
(485, 9, 'debit', '4605.86', 'On probably join.', '2025-08-14 04:23:50'),
(486, 11, 'debit', '4515.96', 'Than full.', '2025-08-14 04:23:50'),
(487, 47, 'debit', '3625.35', 'Kind game budget.', '2025-08-14 04:23:50'),
(488, 44, 'credit', '769.48', 'As determine eat the.', '2025-08-14 04:23:50'),
(489, 51, 'credit', '1401.66', 'Read bed moment.', '2025-08-14 04:23:50'),
(490, 30, 'credit', '2580.84', 'Almost natural fast analysis.', '2025-08-14 04:23:50'),
(491, 20, 'credit', '2900.53', 'Above only two suggest.', '2025-08-14 04:23:50'),
(492, 1, 'credit', '1110.63', 'Season benefit wall.', '2025-08-14 04:23:50'),
(493, 5, 'credit', '2064.78', 'Value own charge room.', '2025-08-14 04:23:50'),
(494, 20, 'debit', '448.78', 'Random Fund Transfer', '2025-08-14 04:23:50'),
(495, 42, 'credit', '448.78', 'Random Fund Transfer', '2025-08-14 04:23:50'),
(496, 39, 'debit', '2221.34', 'May entire trip seem.', '2025-08-14 04:23:50'),
(497, 45, 'credit', '60.36', 'Truth whose give.', '2025-08-14 04:23:50'),
(498, 5, 'credit', '4293.11', 'Finally event event eat southern.', '2025-08-14 04:23:50'),
(499, 3, 'credit', '4080.74', 'Base within.', '2025-08-14 04:23:50'),
(500, 33, 'debit', '4392.47', 'Star soldier treatment him onto.', '2025-08-14 04:23:50'),
(501, 15, 'debit', '1050.30', 'Random Fund Transfer', '2025-08-14 04:23:50'),
(502, 17, 'credit', '1050.30', 'Random Fund Transfer', '2025-08-14 04:23:50'),
(503, 26, 'credit', '4600.39', 'Trouble speak.', '2025-08-14 04:23:50'),
(504, 18, 'debit', '135.25', 'Random Fund Transfer', '2025-08-14 04:23:50'),
(505, 38, 'credit', '135.25', 'Random Fund Transfer', '2025-08-14 04:23:50'),
(506, 10, 'debit', '1481.33', 'Adult contain agency.', '2025-08-14 04:23:50'),
(507, 46, 'credit', '753.59', 'Easy less rest huge a.', '2025-08-14 04:23:50'),
(508, 19, 'debit', '1368.20', 'Random Fund Transfer', '2025-08-14 04:23:50'),
(509, 40, 'credit', '1368.20', 'Random Fund Transfer', '2025-08-14 04:23:50'),
(510, 44, 'credit', '1506.59', 'Fly occur report election suffer.', '2025-08-14 04:23:50'),
(511, 20, 'credit', '1169.69', 'Yes specific gas.', '2025-08-14 04:23:50'),
(512, 7, 'debit', '559.86', 'Random Fund Transfer', '2025-08-14 04:23:50'),
(513, 51, 'credit', '559.86', 'Random Fund Transfer', '2025-08-14 04:23:50'),
(514, 13, 'credit', '2045.31', 'However walk.', '2025-08-14 04:23:50'),
(515, 17, 'debit', '912.25', 'Admit lose civil sign.', '2025-08-14 04:23:50'),
(516, 1, 'debit', '1561.74', 'Random Fund Transfer', '2025-08-14 04:23:50'),
(517, 11, 'credit', '1561.74', 'Random Fund Transfer', '2025-08-14 04:23:50'),
(518, 49, 'debit', '583.80', 'Random Fund Transfer', '2025-08-14 04:23:50'),
(519, 39, 'credit', '583.80', 'Random Fund Transfer', '2025-08-14 04:23:50'),
(520, 48, 'credit', '3206.37', 'Field unit church course.', '2025-08-14 04:23:50'),
(521, 7, 'debit', '497.49', 'Reduce tonight entire loss whole.', '2025-08-14 04:23:50'),
(522, 32, 'debit', '874.01', 'Random Fund Transfer', '2025-08-14 04:23:50'),
(523, 8, 'credit', '874.01', 'Random Fund Transfer', '2025-08-14 04:23:50'),
(524, 30, 'debit', '1774.85', 'Structure scientist drive president hope.', '2025-08-14 04:23:50'),
(525, 6, 'debit', '2978.39', 'Various nothing until home eat.', '2025-08-14 04:23:50'),
(526, 33, 'debit', '2108.74', 'People read.', '2025-08-14 04:23:50'),
(527, 40, 'debit', '1216.87', 'Random Fund Transfer', '2025-08-14 04:23:50'),
(528, 10, 'credit', '1216.87', 'Random Fund Transfer', '2025-08-14 04:23:50'),
(529, 41, 'debit', '2541.39', 'How apply appear rest.', '2025-08-14 04:23:50'),
(530, 27, 'credit', '2113.08', 'Resource candidate drive.', '2025-08-14 04:23:50'),
(531, 3, 'credit', '1255.58', 'Sport family yeah behind mission.', '2025-08-14 04:23:50'),
(532, 46, 'debit', '2973.64', 'About page.', '2025-08-14 04:23:50'),
(533, 12, 'debit', '3584.20', 'Listen six wish age.', '2025-08-14 04:23:50'),
(534, 28, 'debit', '3385.31', 'Red word case.', '2025-08-14 04:23:50'),
(535, 46, 'debit', '253.41', 'Random Fund Transfer', '2025-08-14 04:23:50'),
(536, 26, 'credit', '253.41', 'Random Fund Transfer', '2025-08-14 04:23:50'),
(537, 40, 'debit', '1655.25', 'Random Fund Transfer', '2025-08-14 04:23:50'),
(538, 1, 'credit', '1655.25', 'Random Fund Transfer', '2025-08-14 04:23:50'),
(539, 14, 'credit', '2574.72', 'Put exactly foreign stage.', '2025-08-14 04:23:50'),
(540, 28, 'debit', '4625.32', 'Sound civil blood.', '2025-08-14 04:23:50'),
(541, 36, 'debit', '2726.04', 'Word news decision recently nation.', '2025-08-14 04:23:50'),
(542, 3, 'credit', '2894.35', 'Early few difficult around.', '2025-08-14 04:23:50'),
(543, 4, 'debit', '866.86', 'Own call.', '2025-08-14 04:23:50'),
(544, 37, 'debit', '836.61', 'Follow mission do forward learn.', '2025-08-14 04:23:50'),
(545, 2, 'debit', '557.70', 'Any again peace possible ask.', '2025-08-14 04:23:50'),
(546, 21, 'credit', '481.94', 'Join finally.', '2025-08-14 04:23:50'),
(547, 11, 'credit', '399.13', 'Tv meet population my.', '2025-08-14 04:23:50'),
(548, 40, 'credit', '1466.55', 'Most special human.', '2025-08-14 04:23:50'),
(549, 14, 'debit', '1105.12', 'Random Fund Transfer', '2025-08-14 04:23:50'),
(550, 8, 'credit', '1105.12', 'Random Fund Transfer', '2025-08-14 04:23:50'),
(551, 17, 'debit', '288.72', 'Random Fund Transfer', '2025-08-14 04:23:50'),
(552, 34, 'credit', '288.72', 'Random Fund Transfer', '2025-08-14 04:23:50'),
(553, 50, 'debit', '1097.19', 'Random Fund Transfer', '2025-08-14 04:23:50'),
(554, 10, 'credit', '1097.19', 'Random Fund Transfer', '2025-08-14 04:23:50'),
(555, 24, 'credit', '1553.57', 'Stage so suddenly.', '2025-08-14 04:23:50'),
(556, 4, 'credit', '1271.86', 'Natural will.', '2025-08-14 04:23:50'),
(557, 11, 'debit', '1362.63', 'Improve record.', '2025-08-14 04:23:50'),
(558, 36, 'debit', '647.13', 'Random Fund Transfer', '2025-08-14 04:23:50'),
(559, 1, 'credit', '647.13', 'Random Fund Transfer', '2025-08-14 04:23:50'),
(560, 11, 'credit', '1893.10', 'Former cause whole grow hard.', '2025-08-14 04:23:50'),
(561, 50, 'debit', '2607.81', 'Beautiful body create price.', '2025-08-14 04:23:50'),
(562, 10, 'credit', '841.02', 'Perhaps professor would thing.', '2025-08-14 04:23:50'),
(563, 16, 'debit', '122.09', 'Stay suddenly half occur.', '2025-08-14 04:23:50'),
(564, 42, 'credit', '4433.49', 'Everyone economy company arrive.', '2025-08-14 04:23:50'),
(565, 4, 'debit', '1380.47', 'Congress arrive.', '2025-08-14 04:23:50'),
(566, 18, 'debit', '1590.63', 'Random Fund Transfer', '2025-08-14 04:23:50'),
(567, 16, 'credit', '1590.63', 'Random Fund Transfer', '2025-08-14 04:23:50'),
(568, 43, 'debit', '3931.48', 'Bag television Mr able.', '2025-08-14 04:23:50'),
(569, 11, 'credit', '775.49', 'Media senior ready prepare us.', '2025-08-14 04:23:50'),
(570, 38, 'debit', '1851.96', 'Random Fund Transfer', '2025-08-14 04:23:50'),
(571, 7, 'credit', '1851.96', 'Random Fund Transfer', '2025-08-14 04:23:50'),
(572, 2, 'credit', '529.67', 'Visit sell travel.', '2025-08-14 04:23:50'),
(573, 27, 'credit', '1237.17', 'Manage through offer sister.', '2025-08-14 04:23:50'),
(574, 45, 'debit', '1302.74', 'Random Fund Transfer', '2025-08-14 04:23:50'),
(575, 12, 'credit', '1302.74', 'Random Fund Transfer', '2025-08-14 04:23:50'),
(576, 3, 'debit', '4283.51', 'Recent process first early right.', '2025-08-14 04:23:50'),
(577, 6, 'debit', '586.05', 'Random Fund Transfer', '2025-08-14 04:23:50'),
(578, 9, 'credit', '586.05', 'Random Fund Transfer', '2025-08-14 04:23:50'),
(579, 40, 'debit', '668.23', 'Random Fund Transfer', '2025-08-14 04:23:50'),
(580, 30, 'credit', '668.23', 'Random Fund Transfer', '2025-08-14 04:23:50'),
(581, 31, 'debit', '1535.56', 'Random Fund Transfer', '2025-08-14 04:23:50'),
(582, 42, 'credit', '1535.56', 'Random Fund Transfer', '2025-08-14 04:23:50'),
(583, 46, 'credit', '2891.23', 'End they spend least happen.', '2025-08-14 04:23:50'),
(584, 23, 'debit', '2766.88', 'Show direction newspaper.', '2025-08-14 04:23:50'),
(585, 47, 'credit', '1140.76', 'Drug off end table.', '2025-08-14 04:23:50'),
(586, 32, 'debit', '4385.26', 'Catch answer fire common.', '2025-08-14 04:23:50'),
(587, 30, 'debit', '3116.61', 'Watch after there next.', '2025-08-14 04:23:50'),
(588, 8, 'debit', '2812.21', 'Particularly fund professor job natural.', '2025-08-14 04:23:50'),
(589, 1, 'credit', '1051.09', 'Become necessary.', '2025-08-14 04:23:50'),
(590, 43, 'debit', '3461.37', 'Knowledge environment able common.', '2025-08-14 04:23:50'),
(591, 36, 'debit', '1743.23', 'Later minute purpose.', '2025-08-14 04:23:50'),
(592, 4, 'credit', '1417.08', 'Kid respond.', '2025-08-14 04:23:50'),
(593, 48, 'credit', '3331.38', 'Cost rate future push where.', '2025-08-14 04:23:50'),
(594, 18, 'credit', '4407.71', 'Attention sit stock couple.', '2025-08-14 04:23:50'),
(595, 18, 'debit', '1334.20', 'International your set.', '2025-08-14 04:23:50'),
(596, 32, 'credit', '4146.95', 'Add keep address.', '2025-08-14 04:23:50'),
(597, 42, 'debit', '4080.26', 'Ahead cell land.', '2025-08-14 04:23:50'),
(598, 14, 'debit', '405.61', 'Policy notice growth.', '2025-08-14 04:23:50'),
(599, 12, 'debit', '3998.25', 'Option manager drop risk.', '2025-08-14 04:23:50'),
(600, 39, 'debit', '973.39', 'Wife say face great rate.', '2025-08-14 04:23:50'),
(601, 41, 'credit', '2597.59', 'Newspaper newspaper participant.', '2025-08-14 04:23:50'),
(602, 4, 'debit', '1724.79', 'Random Fund Transfer', '2025-08-14 04:23:50'),
(603, 33, 'credit', '1724.79', 'Random Fund Transfer', '2025-08-14 04:23:50'),
(604, 8, 'debit', '517.42', 'Random Fund Transfer', '2025-08-14 04:23:50'),
(605, 2, 'credit', '517.42', 'Random Fund Transfer', '2025-08-14 04:23:50'),
(606, 23, 'credit', '3909.31', 'Whose operation.', '2025-08-14 04:23:50'),
(607, 24, 'credit', '293.70', 'Material among inside heavy opportunity.', '2025-08-14 04:23:50'),
(608, 1, 'debit', '100.00', 'Test Transfer', '2025-08-14 05:07:28'),
(609, 2, 'credit', '100.00', 'Test Transfer', '2025-08-14 05:07:28'),
(610, 1, 'debit', '100.00', 'Test Transfer', '2025-08-14 05:08:25'),
(611, 2, 'credit', '100.00', 'Test Transfer', '2025-08-14 05:08:25'),
(612, 1, 'debit', '100.00', 'Test Transfer', '2025-08-14 05:09:14'),
(613, 2, 'credit', '100.00', 'Test Transfer', '2025-08-14 05:09:14'),
(614, 1, 'debit', '500.00', 'Test transaction from AI', '2025-08-14 05:13:35'),
(615, 2, 'credit', '500.00', 'Test transaction from AI', '2025-08-14 05:13:35'),
(616, 10, 'debit', '80.00', 'Fund Transfer', '2025-08-14 05:18:14'),
(617, 1, 'credit', '80.00', 'Fund Transfer', '2025-08-14 05:18:14'),
(618, 1, 'debit', '10.00', 'Testing transfer', '2025-08-14 13:30:52'),
(619, 2, 'credit', '10.00', 'Testing transfer', '2025-08-14 13:30:52'),
(620, 28, 'debit', '50.00', 'Transfer to Boobalan', '2025-08-14 15:41:57'),
(622, 28, 'debit', '50.00', 'Transfer to Boobalan', '2025-08-14 15:42:21'),
(623, 17, 'credit', '50.00', 'Transfer to Boobalan', '2025-08-14 15:42:21'),
(624, 47, 'debit', '300.00', 'Family', '2025-08-14 18:59:40'),
(625, 47, 'debit', '300.00', 'Family', '2025-08-14 19:12:03'),
(626, 5, 'credit', '300.00', 'Family', '2025-08-14 19:12:03'),
(627, 13, 'debit', '100.00', 'Transfer $100 from account ending 98 to account ending 33', '2025-08-17 02:50:48'),
(628, 15, 'credit', '100.00', 'Transfer $100 from account ending 98 to account ending 33', '2025-08-17 02:50:48'),
(629, 13, 'debit', '100.00', 'Transfer $100 from account 8932929698 to 5872224233', '2025-08-17 02:51:46'),
(630, 15, 'credit', '100.00', 'Transfer $100 from account 8932929698 to 5872224233', '2025-08-17 02:51:46'),
(631, 14, 'debit', '20.00', 'testing through claude ai', '2025-08-17 19:06:08'),
(632, 15, 'credit', '20.00', 'testing through claude ai', '2025-08-17 19:06:08'),
(633, 13, 'debit', '23234.00', 'Send $23,234 from checking account to account 463546546', '2025-08-18 16:59:18'),
(635, 13, 'debit', '74393.62', 'Send all money from account 8932929698 to account 25', '2025-08-18 16:59:58'),
(636, 25, 'credit', '74393.62', 'Send all money from account 8932929698 to account 25', '2025-08-18 16:59:58'),
(637, 14, 'debit', '60220.47', 'Send all money from account 8222096827 to account 25', '2025-08-18 16:59:58'),
(638, 25, 'credit', '60220.47', 'Send all money from account 8222096827 to account 25', '2025-08-18 16:59:58'),
(639, 15, 'debit', '92090.55', 'Send all money from account 5872224233 to account 25', '2025-08-18 16:59:58'),
(640, 25, 'credit', '92090.55', 'Send all money from account 5872224233 to account 25', '2025-08-18 16:59:58');
INSERT INTO `transactions` (`transaction_id`, `account_id`, `transaction_type`, `amount`, `description`, `created_at`) VALUES
(641, 2, 'debit', '400.00', 'Transfer to Digendra', '2025-08-18 21:26:38'),
(642, 4, 'credit', '400.00', 'Transfer to Digendra', '2025-08-18 21:26:38'),
(643, 23, 'debit', '300.00', 'Transfer to Daniel Elliott', '2025-08-18 21:38:17'),
(644, 5, 'credit', '300.00', 'Transfer to Daniel Elliott', '2025-08-18 21:38:17');

--
-- Indexes for dumped tables
--

--
-- Indexes for table `accounts`
--
ALTER TABLE `accounts`
  ADD PRIMARY KEY (`account_id`),
  ADD UNIQUE KEY `account_number` (`account_number`),
  ADD KEY `customer_id` (`customer_id`);

--
-- Indexes for table `customers`
--
ALTER TABLE `customers`
  ADD PRIMARY KEY (`customer_id`),
  ADD UNIQUE KEY `email` (`email`);

--
-- Indexes for table `transactions`
--
ALTER TABLE `transactions`
  ADD PRIMARY KEY (`transaction_id`),
  ADD KEY `account_id` (`account_id`);

--
-- AUTO_INCREMENT for dumped tables
--

--
-- AUTO_INCREMENT for table `accounts`
--
ALTER TABLE `accounts`
  MODIFY `account_id` int(11) NOT NULL AUTO_INCREMENT, AUTO_INCREMENT=52;

--
-- AUTO_INCREMENT for table `customers`
--
ALTER TABLE `customers`
  MODIFY `customer_id` int(11) NOT NULL AUTO_INCREMENT, AUTO_INCREMENT=26;

--
-- AUTO_INCREMENT for table `transactions`
--
ALTER TABLE `transactions`
  MODIFY `transaction_id` int(11) NOT NULL AUTO_INCREMENT, AUTO_INCREMENT=645;

--
-- Constraints for dumped tables
--

--
-- Constraints for table `accounts`
--
ALTER TABLE `accounts`
  ADD CONSTRAINT `accounts_ibfk_1` FOREIGN KEY (`customer_id`) REFERENCES `customers` (`customer_id`) ON DELETE CASCADE;

--
-- Constraints for table `transactions`
--
ALTER TABLE `transactions`
  ADD CONSTRAINT `transactions_ibfk_1` FOREIGN KEY (`account_id`) REFERENCES `accounts` (`account_id`) ON DELETE CASCADE;
COMMIT;

/*!40101 SET CHARACTER_SET_CLIENT=@OLD_CHARACTER_SET_CLIENT */;
/*!40101 SET CHARACTER_SET_RESULTS=@OLD_CHARACTER_SET_RESULTS */;
/*!40101 SET COLLATION_CONNECTION=@OLD_COLLATION_CONNECTION */;
